"","beta0","Age","KM","Fuel_TypeDiesel","Fuel_TypePetrol","HP","Quarterly_Tax","Weight"
"2.5%",-9712.30976033975,-127.449678203006,-0.0199197431327584,-175.492641224079,1658.09076816102,16.6072745870909,8.93277408004963,16.8322321168793
"97.5%",-4983.92675751768,-117.502832012562,-0.0147891772487145,1284.17450156015,3091.41816435583,29.7246224278258,15.4145236786607,21.3357382244275
