"","beta0","Age","KM","Fuel_TypeDiesel","Fuel_TypePetrol","HP","Quarterly_Tax","Weight"
"2.5%",-18496.5712360629,-130.225068712426,-0.0201109825886279,-890.135536768594,1402.95795517211,2.30810345920195,5.61107405789422,11.0601905525865
"97.5%",997.404608940873,-112.68820531189,-0.0136460866231298,1619.29933643969,3407.83143242664,37.478164957485,18.0006256626463,30.6498843072054
